{
    "Chevrons/game": 1.642733319263325,
    "Win %": 7.00008866487874,
    "Playoff Rate": 3.8278556345149886,
    "K/D ratio": 2.1082848825356613,
    "Championships": 0.20227287123997997,
    "Playoff Appearances": 1.6555189437242022,
    "Win_Playoff_Interaction": 4.520499594503597,
    "Playoff_Championship_Interaction": 0.2908662242510252
}